<?xml version="1.0" encoding="UTF-8"?>
<resourceDriver>
    <manifestVersion>1.4</manifestVersion>     
    <version>1.0.1</version>
    <vendor>Spirent</vendor>     
    <language>python</language>     
    <interface>Management</interface> 
    <entryPoint>linux.mgmt.driver.py</entryPoint>
    <resourceProperties>     
        <property optional="false">
            <name>ipAddress</name>
            <description>IP address of the remote device</description>
        </property>
        <property optional="false">
            <name>username</name>
            <description>SSH username - a sudoer with NOPASSWD enabled</description>
        </property>
        <property optional="false">
            <name>password</name>
            <description>SSH user password required to make initial connection</description>
        </property>
    </resourceProperties>
</resourceDriver>
