[
  {
    "_id": "Dashboard-Testing",
    "_type": "dashboard",
    "_source": {
      "title": "Dashboard-Testing",
      "hits": 0,
      "description": "",
      "panelsJSON": "[\n  {\n    \"col\": 1,\n    \"id\": \"ExecutionByTestCase\",\n    \"panelIndex\": 1,\n    \"row\": 1,\n    \"size_x\": 6,\n    \"size_y\": 3,\n    \"type\": \"visualization\"\n  },\n  {\n    \"col\": 7,\n    \"id\": \"ExecutionResults\",\n    \"panelIndex\": 2,\n    \"row\": 1,\n    \"size_x\": 6,\n    \"size_y\": 3,\n    \"type\": \"visualization\"\n  },\n  {\n    \"col\": 1,\n    \"id\": \"agentID\",\n    \"panelIndex\": 3,\n    \"row\": 4,\n    \"size_x\": 12,\n    \"size_y\": 3,\n    \"type\": \"visualization\"\n  },\n  {\n    \"id\": \"ExecutionPeakDays\",\n    \"type\": \"visualization\",\n    \"panelIndex\": 4,\n    \"size_x\": 12,\n    \"size_y\": 5,\n    \"col\": 1,\n    \"row\": 7\n  }\n]",
      "optionsJSON": "{\n  \"darkTheme\": true\n}",
      "uiStateJSON": "{\n  \"P-1\": {\n    \"spy\": {\n      \"mode\": {\n        \"fill\": false,\n        \"name\": null\n      }\n    }\n  },\n  \"P-2\": {\n    \"vis\": {\n      \"legendOpen\": false\n    }\n  },\n  \"P-3\": {\n    \"spy\": {\n      \"mode\": {\n        \"fill\": false,\n        \"name\": null\n      }\n    },\n    \"vis\": {\n      \"legendOpen\": false\n    }\n  },\n  \"P-4\": {\n    \"vis\": {\n      \"legendOpen\": false\n    }\n  }\n}",
      "version": 1,
      "timeRestore": true,
      "timeTo": "now",
      "timeFrom": "now-90d",
      "kibanaSavedObjectMeta": {
        "searchSourceJSON": "{\n  \"filter\": [\n    {\n      \"query\": {\n        \"query_string\": {\n          \"analyze_wildcard\": true,\n          \"query\": \"*\"\n        }\n      }\n    }\n  ]\n}"
      }
    }
  },
  {
    "_id": "agentID",
    "_type": "visualization",
    "_source": {
      "title": "agentID",
      "visState": "{\n  \"title\": \"agentID\",\n  \"type\": \"area\",\n  \"params\": {\n    \"shareYAxis\": true,\n    \"addTooltip\": true,\n    \"addLegend\": true,\n    \"smoothLines\": false,\n    \"scale\": \"linear\",\n    \"interpolate\": \"linear\",\n    \"mode\": \"stacked\",\n    \"times\": [],\n    \"addTimeMarker\": false,\n    \"defaultYExtents\": false,\n    \"setYExtents\": false,\n    \"yAxis\": {}\n  },\n  \"aggs\": [\n    {\n      \"id\": \"1\",\n      \"type\": \"count\",\n      \"schema\": \"metric\",\n      \"params\": {}\n    },\n    {\n      \"id\": \"2\",\n      \"type\": \"terms\",\n      \"schema\": \"segment\",\n      \"params\": {\n        \"field\": \"result\",\n        \"size\": 5,\n        \"order\": \"desc\",\n        \"orderBy\": \"_term\"\n      }\n    },\n    {\n      \"id\": \"3\",\n      \"type\": \"terms\",\n      \"schema\": \"split\",\n      \"params\": {\n        \"field\": \"agentId\",\n        \"size\": 5,\n        \"order\": \"desc\",\n        \"orderBy\": \"1\",\n        \"row\": false\n      }\n    }\n  ],\n  \"listeners\": {}\n}",
      "uiStateJSON": "{\n  \"vis\": {\n    \"colors\": {\n      \"Count\": \"#E24D42\"\n    },\n    \"legendOpen\": true\n  },\n  \"spy\": {\n    \"mode\": {\n      \"name\": null,\n      \"fill\": false\n    }\n  }\n}",
      "description": "",
      "version": 1,
      "kibanaSavedObjectMeta": {
        "searchSourceJSON": "{\n  \"index\": \"*report*\",\n  \"query\": {\n    \"query_string\": {\n      \"analyze_wildcard\": true,\n      \"query\": \"*\"\n    }\n  },\n  \"filter\": []\n}"
      }
    }
  },
  {
    "_id": "ExecutionByTestCase",
    "_type": "visualization",
    "_source": {
      "title": "ExecutionByTestCase",
      "visState": "{\n  \"title\": \"ExecutionByTestCase\",\n  \"type\": \"area\",\n  \"params\": {\n    \"shareYAxis\": true,\n    \"addTooltip\": true,\n    \"addLegend\": true,\n    \"smoothLines\": false,\n    \"scale\": \"linear\",\n    \"interpolate\": \"linear\",\n    \"mode\": \"stacked\",\n    \"times\": [],\n    \"addTimeMarker\": false,\n    \"defaultYExtents\": false,\n    \"setYExtents\": false,\n    \"yAxis\": {}\n  },\n  \"aggs\": [\n    {\n      \"id\": \"1\",\n      \"type\": \"count\",\n      \"schema\": \"metric\",\n      \"params\": {}\n    },\n    {\n      \"id\": \"2\",\n      \"type\": \"terms\",\n      \"schema\": \"segment\",\n      \"params\": {\n        \"field\": \"testPath\",\n        \"size\": 100,\n        \"order\": \"desc\",\n        \"orderBy\": \"1\"\n      }\n    }\n  ],\n  \"listeners\": {}\n}",
      "uiStateJSON": "{\n  \"vis\": {\n    \"legendOpen\": false\n  },\n  \"spy\": {\n    \"mode\": {\n      \"name\": null,\n      \"fill\": false\n    }\n  }\n}",
      "description": "",
      "version": 1,
      "kibanaSavedObjectMeta": {
        "searchSourceJSON": "{\n  \"index\": \"*report*\",\n  \"query\": {\n    \"query_string\": {\n      \"query\": \"*\",\n      \"analyze_wildcard\": true\n    }\n  },\n  \"filter\": []\n}"
      }
    }
  },
  {
    "_id": "ExecutionResults",
    "_type": "visualization",
    "_source": {
      "title": "ExecutionResults",
      "visState": "{\n  \"title\": \"ExecutionResults\",\n  \"type\": \"area\",\n  \"params\": {\n    \"shareYAxis\": true,\n    \"addTooltip\": true,\n    \"addLegend\": true,\n    \"smoothLines\": false,\n    \"scale\": \"linear\",\n    \"interpolate\": \"linear\",\n    \"mode\": \"stacked\",\n    \"times\": [],\n    \"addTimeMarker\": false,\n    \"defaultYExtents\": false,\n    \"setYExtents\": false,\n    \"yAxis\": {}\n  },\n  \"aggs\": [\n    {\n      \"id\": \"1\",\n      \"type\": \"count\",\n      \"schema\": \"metric\",\n      \"params\": {}\n    },\n    {\n      \"id\": \"2\",\n      \"type\": \"terms\",\n      \"schema\": \"segment\",\n      \"params\": {\n        \"field\": \"result\",\n        \"size\": 5,\n        \"order\": \"desc\",\n        \"orderBy\": \"_term\"\n      }\n    }\n  ],\n  \"listeners\": {}\n}",
      "uiStateJSON": "{\n  \"vis\": {\n    \"legendOpen\": true,\n    \"colors\": {\n      \"Count\": \"#64B0C8\"\n    }\n  }\n}",
      "description": "",
      "version": 1,
      "kibanaSavedObjectMeta": {
        "searchSourceJSON": "{\n  \"index\": \"*report*\",\n  \"query\": {\n    \"query_string\": {\n      \"query\": \"*\",\n      \"analyze_wildcard\": true\n    }\n  },\n  \"filter\": []\n}"
      }
    }
  },
  {
    "_id": "TopologiesUsed",
    "_type": "visualization",
    "_source": {
      "title": "TopologiesUsed",
      "visState": "{\n  \"title\": \"TopologiesUsed\",\n  \"type\": \"pie\",\n  \"params\": {\n    \"shareYAxis\": true,\n    \"addTooltip\": true,\n    \"addLegend\": true,\n    \"isDonut\": false\n  },\n  \"aggs\": [\n    {\n      \"id\": \"1\",\n      \"type\": \"count\",\n      \"schema\": \"metric\",\n      \"params\": {}\n    },\n    {\n      \"id\": \"2\",\n      \"type\": \"terms\",\n      \"schema\": \"segment\",\n      \"params\": {\n        \"field\": \"topologyName\",\n        \"size\": 5,\n        \"order\": \"desc\",\n        \"orderBy\": \"1\"\n      }\n    }\n  ],\n  \"listeners\": {}\n}",
      "uiStateJSON": "{}",
      "description": "",
      "version": 1,
      "kibanaSavedObjectMeta": {
        "searchSourceJSON": "{\n  \"index\": \"*report*\",\n  \"query\": {\n    \"query_string\": {\n      \"query\": \"*\",\n      \"analyze_wildcard\": true\n    }\n  },\n  \"filter\": []\n}"
      }
    }
  },
  {
    "_id": "ExecutionPeakDays",
    "_type": "visualization",
    "_source": {
      "title": "ExecutionPeakDays",
      "visState": "{\n  \"title\": \"ExecutionPeakDays\",\n  \"type\": \"histogram\",\n  \"params\": {\n    \"shareYAxis\": true,\n    \"addTooltip\": true,\n    \"addLegend\": true,\n    \"scale\": \"linear\",\n    \"mode\": \"stacked\",\n    \"times\": [],\n    \"addTimeMarker\": false,\n    \"defaultYExtents\": false,\n    \"setYExtents\": false,\n    \"yAxis\": {}\n  },\n  \"aggs\": [\n    {\n      \"id\": \"1\",\n      \"type\": \"count\",\n      \"schema\": \"metric\",\n      \"params\": {}\n    },\n    {\n      \"id\": \"2\",\n      \"type\": \"date_histogram\",\n      \"schema\": \"segment\",\n      \"params\": {\n        \"field\": \"createTime\",\n        \"interval\": \"auto\",\n        \"customInterval\": \"2h\",\n        \"min_doc_count\": 1,\n        \"extended_bounds\": {}\n      }\n    }\n  ],\n  \"listeners\": {}\n}",
      "uiStateJSON": "{}",
      "description": "",
      "version": 1,
      "kibanaSavedObjectMeta": {
        "searchSourceJSON": "{\n  \"index\": \"*report*\",\n  \"query\": {\n    \"query_string\": {\n      \"query\": \"*\",\n      \"analyze_wildcard\": true\n    }\n  },\n  \"filter\": []\n}"
      }
    }
  }
]