{
  "defaultData": {
    "verdictMethod":"EXIT_CODE",
    "timeout": 0,
    "commandSequence": [
      "%file%"
    ],
    "executionMessages": {
      "ok": "^\\s*\\d{4}-\\d{2}-\\d{2}\\s+\\d{2}:\\d{2}:\\d{2},\\d{3}.*verified.*",
      "info": "^\\s*\\d{4}-\\d{2}-\\d{2}\\s+\\d{2}:\\d{2}:\\d{2},\\d{3}\\s+(DEBUG|INFO).*",
      "warning": "^\\s*\\d{4}-\\d{2}-\\d{2}\\s+\\d{2}:\\d{2}:\\d{2},\\d{3}\\s+WARNING.*",
      "error": "^\\s*\\d{4}-\\d{2}-\\d{2}\\s+\\d{2}:\\d{2}:\\d{2},\\d{3}\\s+(ERROR|CRITICAL).*"
    },
    "artifactLink": "^\\s*ArtifactLink:\\s*\\(\\s*Description:\\s*\"(.*)\",\\s*Link:\\s*\"(.*)\"\\s*\\)"
  },
  "fileSets": [
    {
      "fileNameMatch": ".*(\\.py)$",
      "language": "python"
    },
    {
      "fileNameMatch": ".*(\\.sh)$",
      "language": "bash"
    },
    {
      "fileNameMatch": ".*(\\.bat)$",
      "language": "batch"
    },
    { "fileNameMatch": ".*(\\.ps1)$",
      "language": "powershell"
    }
  ]
}
