<?xml version="1.0" encoding="UTF-8"?>
<resourceDriver>
    <manifestVersion>1.4</manifestVersion>     
    <version>1.0.0</version>     
    <vendor>Spirent</vendor>     
    <language>itest</language>     
    <interface>Layer 1 Switch</interface> 
    <entryPoint>usb_master-1.0.fftc</entryPoint>
    <resourceProperties>     
        <property>
            <name>ipAddress</name>
            <description>IP address of the USB Master switch</description>
        </property>
        <property>
            <name>tcpPort</name>
            <description>TCP port number to telnet to</description>
        </property>
    </resourceProperties>
</resourceDriver>