<?xml version="1.0" encoding="UTF-8"?>
<resourceDriver>
    <manifestVersion>1.4</manifestVersion>     
    <version>1.0.0</version>     
    <vendor>Spirent</vendor>     
    <language>itest</language>     
    <interface>Layer 1 Switch</interface> 
    <entryPoint>test_cases/driver.fftc</entryPoint>
    <resourceProperties>
        <property>
            <name>ipAddress</name>
            <description>IP address of the remote device</description>
        </property>        
        <property>
            <name>username</name>
            <description>username to login via SSH</description>
        </property>        
        <property>
            <name>password</name>
            <description>password to login via SSH</description>
        </property>        
        <property optional="true">
            <name>SSH Port</name>
            <description>port for SSH connection</description>
        </property> 
        <property>
            <name>Switch Id</name>
            <description>Switch Id</description>
        </property> 
    </resourceProperties>
</resourceDriver>