<?xml version="1.0" encoding="UTF-8"?>
<resourceDriver>
    <manifestVersion>1.4</manifestVersion>     
    <version>1.0.2</version>
    <vendor>Spirent</vendor>     
    <language>python</language>     
    <interface>Management</interface> 
    <entryPoint>ping.driver.py</entryPoint>
    <resourceProperties>     
        <property optional="false">
            <name>ipAddress</name>
            <description>IP address of the remote device</description>
        </property>
    </resourceProperties>
</resourceDriver>
