<?xml version="1.0" encoding="UTF-8"?>
<resourceDriver>
    <manifestVersion>1.4</manifestVersion>     
    <version>1.0.1</version>
    <vendor>Spirent</vendor>     
    <language>itest</language>     
    <interface>Layer 2 Switch</interface> 
    <supportCustomArguments></supportCustomArguments>
    <entryPoint>bigswitch_cloud_fabric_driver.fftc</entryPoint>
    <resourceProperties>
        <property optional="true">
            <name>ipAddress</name>
            <description>IP address of the remote device</description>
        </property>
        <property optional="true">
            <name>Hostname</name>
            <description>Name of Leaf Switch</description>
        </property>
        <property>
            <name>username</name>
            <description>username to login via REST</description>
        </property>        
        <property>
            <name>password</name>
            <description>password to login via REST</description>
        </property>        
    </resourceProperties>
</resourceDriver>
