<?xml version="1.0" encoding="UTF-8"?>
<resourceDriver>
    <manifestVersion>1.4</manifestVersion>     
    <version>2.3.1</version>
    <vendor>Spirent</vendor>     
    <language>itest</language>     
    <interface>Management</interface> 
    <entryPoint>snmp-2.3.1.fftc</entryPoint>
    <resourceProperties>
        <property optional="true">
            <name>ipAddress</name>
            <description>IP address of the remote device</description>
        </property>
		<property optional="true">
            <name>Hostname</name>
            <description>Hostname of the remote device</description>
        </property>     
        <property>
            <name>community</name>
            <description>SNMP community</description>
        </property>     
        <property optional="true">
        	<name>SNMP Port</name>
        	<description>port for SNMP connection</description>
        </property>   
    </resourceProperties>
</resourceDriver>
