<?xml version='1.0' encoding='UTF-8'?><inventory format-version="1.0"><templates><template><id>08902af8-dfb9-4547-89d2-56ffed22fa3c</id><revisionId>08902af8-dfb9-4547-89d2-56ffed22fa3c</revisionId><name>Test Port Template</name><description></description><isTemplate>true</isTemplate><type>PORT</type><interfaceType>NONE</interfaceType><utilizationType>EXCLUSIVE</utilizationType><reservationTime>IMMEDIATE</reservationTime><isCustomReservationTime>false</isCustomReservationTime><properties><property><name>portNumber</name><description>System port number. Example: 1.1.1</description><datatype>STRING</datatype><widgetType>TEXT_FIELD</widgetType><required>true</required><group>4528b9d5-25bb-471e-a753-fb9e898dd62c</group><seqNo>1</seqNo><encrypted>false</encrypted></property><property><name>Port Type</name><description>Example: Ethernet, Fast Ethernet, Copper..., etc</description><datatype>STRING</datatype><widgetType>TEXT_FIELD</widgetType><value>Ethernet</value><required>false</required><group>4528b9d5-25bb-471e-a753-fb9e898dd62c</group><seqNo>2</seqNo><encrypted>false</encrypted></property><property><name>Port Speed</name><description>Unit of Measure:  Mbps</description><datatype>INTEGER</datatype><widgetType>INTEGER_FIELD</widgetType><value>1000</value><required>false</required><group>4528b9d5-25bb-471e-a753-fb9e898dd62c</group><seqNo>3</seqNo><encrypted>false</encrypted></property></properties><propertyGroups><propertyGroup><id>4528b9d5-25bb-471e-a753-fb9e898dd62c</id><name>System Identification</name><seqNo>1</seqNo><isHidden>false</isHidden></propertyGroup></propertyGroups><icon/><defaultImageAttach/><defaultConfigAttach/></template><template><id>6b0ada9b-9862-4aef-ac7f-aecdb59af2ed</id><revisionId>6b0ada9b-9862-4aef-ac7f-aecdb59af2ed</revisionId><name>Test Template 1</name><description></description><isTemplate>true</isTemplate><type>DEVICE</type><interfaceType>MANAGEMENT</interfaceType><utilizationType>SHARED</utilizationType><reservationTime>IMMEDIATE</reservationTime><isCustomReservationTime>true</isCustomReservationTime><properties><property><name>Facility</name><description>Example:  San Jose - Site 2</description><datatype>STRING</datatype><widgetType>TEXT_FIELD</widgetType><required>false</required><group>7a8166ee-9b13-409e-a3d0-cc97a6646724</group><seqNo>1</seqNo><encrypted>false</encrypted></property><property><name>ipAddress</name><description>System address -- IPv4 or IPv6</description><datatype>STRING</datatype><widgetType>TEXT_FIELD</widgetType><required>false</required><group>15aa44e6-514a-44f6-aaa4-01ccd17008a2</group><seqNo>1</seqNo><encrypted>false</encrypted></property><property><name>username</name><description></description><datatype>STRING</datatype><widgetType>TEXT_FIELD</widgetType><required>false</required><group>1125a111-4749-4807-b6e5-d060656c6207</group><seqNo>1</seqNo><encrypted>false</encrypted></property><property><name>Hostname</name><description>Hostname</description><datatype>STRING</datatype><widgetType>TEXT_FIELD</widgetType><required>false</required><group>15aa44e6-514a-44f6-aaa4-01ccd17008a2</group><seqNo>2</seqNo><encrypted>false</encrypted></property><property><name>Room</name><description>Example:  Eng Lab 3</description><datatype>STRING</datatype><widgetType>TEXT_FIELD</widgetType><required>false</required><group>7a8166ee-9b13-409e-a3d0-cc97a6646724</group><seqNo>2</seqNo><encrypted>false</encrypted></property><property><name>password</name><description></description><datatype>STRING</datatype><widgetType>PASSWORD_FIELD</widgetType><required>false</required><group>1125a111-4749-4807-b6e5-d060656c6207</group><seqNo>2</seqNo><encrypted>false</encrypted></property><property><name>Floor Position</name><description>Example:  Rack 34-Chassis 3</description><datatype>STRING</datatype><widgetType>TEXT_FIELD</widgetType><required>false</required><group>7a8166ee-9b13-409e-a3d0-cc97a6646724</group><seqNo>3</seqNo><encrypted>false</encrypted></property><property><name>Make</name><description>Example:  Spirent</description><datatype>STRING</datatype><widgetType>TEXT_FIELD</widgetType><required>false</required><group>15aa44e6-514a-44f6-aaa4-01ccd17008a2</group><seqNo>3</seqNo><encrypted>false</encrypted></property><property><name>Model</name><description>Example:  Spirent Test Center, Avalanche, Landslide..., etc</description><datatype>STRING</datatype><widgetType>TEXT_FIELD</widgetType><required>false</required><group>15aa44e6-514a-44f6-aaa4-01ccd17008a2</group><seqNo>4</seqNo><encrypted>false</encrypted></property><property><name>Serial Number</name><description>Example:  3D543HIH12</description><datatype>STRING</datatype><widgetType>TEXT_FIELD</widgetType><required>false</required><group>15aa44e6-514a-44f6-aaa4-01ccd17008a2</group><seqNo>5</seqNo><encrypted>false</encrypted></property></properties><propertyGroups><propertyGroup><id>15aa44e6-514a-44f6-aaa4-01ccd17008a2</id><name>System Identification</name><seqNo>1</seqNo><isHidden>false</isHidden></propertyGroup><propertyGroup><id>7a8166ee-9b13-409e-a3d0-cc97a6646724</id><name>Location Information</name><seqNo>2</seqNo><isHidden>false</isHidden></propertyGroup><propertyGroup><id>1125a111-4749-4807-b6e5-d060656c6207</id><name>Credentials</name><seqNo>3</seqNo><isHidden>false</isHidden></propertyGroup></propertyGroups><icon><attachment><id>c84b2b8b-2dfa-4092-8269-6d0d4cafb1c2</id><name>pc.svg</name><contentType>image/svg+xml</contentType></attachment></icon><defaultImageAttach/><defaultConfigAttach/></template><template><id>f92a3fb5-3881-4db6-9cf3-59bad6bf8c51</id><revisionId>f92a3fb5-3881-4db6-9cf3-59bad6bf8c51</revisionId><name>Test Template 2</name><description></description><isTemplate>true</isTemplate><type>DEVICE</type><interfaceType>MANAGEMENT</interfaceType><utilizationType>SHARED</utilizationType><reservationTime>IMMEDIATE</reservationTime><isCustomReservationTime>false</isCustomReservationTime><properties><property><name>Facility</name><description>Example:  San Jose - Site 2</description><datatype>STRING</datatype><widgetType>TEXT_FIELD</widgetType><required>false</required><group>4645c7fe-5850-4b3a-9788-d0598d0d2fd0</group><seqNo>1</seqNo><encrypted>false</encrypted></property><property><name>ipAddress</name><description>System address -- IPv4 or IPv6</description><datatype>STRING</datatype><widgetType>TEXT_FIELD</widgetType><required>false</required><group>e6cea4b2-f0f8-48fd-af49-0579973ad2ed</group><seqNo>1</seqNo><encrypted>false</encrypted></property><property><name>username</name><description></description><datatype>STRING</datatype><widgetType>TEXT_FIELD</widgetType><required>false</required><group>e21fd6fb-a8a0-4ab3-900d-9ee630720a15</group><seqNo>1</seqNo><encrypted>false</encrypted></property><property><name>Hostname</name><description>Hostname</description><datatype>STRING</datatype><widgetType>TEXT_FIELD</widgetType><required>false</required><group>e6cea4b2-f0f8-48fd-af49-0579973ad2ed</group><seqNo>2</seqNo><encrypted>false</encrypted></property><property><name>Room</name><description>Example:  Eng Lab 3</description><datatype>STRING</datatype><widgetType>TEXT_FIELD</widgetType><required>false</required><group>4645c7fe-5850-4b3a-9788-d0598d0d2fd0</group><seqNo>2</seqNo><encrypted>false</encrypted></property><property><name>password</name><description></description><datatype>STRING</datatype><widgetType>PASSWORD_FIELD</widgetType><required>false</required><group>e21fd6fb-a8a0-4ab3-900d-9ee630720a15</group><seqNo>2</seqNo><encrypted>false</encrypted></property><property><name>Floor Position</name><description>Example:  Rack 34-Chassis 3</description><datatype>STRING</datatype><widgetType>TEXT_FIELD</widgetType><required>false</required><group>4645c7fe-5850-4b3a-9788-d0598d0d2fd0</group><seqNo>3</seqNo><encrypted>false</encrypted></property><property><name>Make</name><description>Example:  Spirent</description><datatype>STRING</datatype><widgetType>TEXT_FIELD</widgetType><required>false</required><group>e6cea4b2-f0f8-48fd-af49-0579973ad2ed</group><seqNo>3</seqNo><encrypted>false</encrypted></property><property><name>Model</name><description>Example:  Spirent Test Center, Avalanche, Landslide..., etc</description><datatype>STRING</datatype><widgetType>TEXT_FIELD</widgetType><required>false</required><group>e6cea4b2-f0f8-48fd-af49-0579973ad2ed</group><seqNo>4</seqNo><encrypted>false</encrypted></property><property><name>Serial Number</name><description>Example:  3D543HIH12</description><datatype>STRING</datatype><widgetType>TEXT_FIELD</widgetType><required>false</required><group>e6cea4b2-f0f8-48fd-af49-0579973ad2ed</group><seqNo>5</seqNo><encrypted>false</encrypted></property></properties><propertyGroups><propertyGroup><id>e6cea4b2-f0f8-48fd-af49-0579973ad2ed</id><name>System Identification</name><seqNo>1</seqNo><isHidden>false</isHidden></propertyGroup><propertyGroup><id>4645c7fe-5850-4b3a-9788-d0598d0d2fd0</id><name>Location Information</name><seqNo>2</seqNo><isHidden>false</isHidden></propertyGroup><propertyGroup><id>e21fd6fb-a8a0-4ab3-900d-9ee630720a15</id><name>Credentials</name><seqNo>3</seqNo><isHidden>false</isHidden></propertyGroup></propertyGroups><icon><attachment><id>c84b2b8b-2dfa-4092-8269-6d0d4cafb1c2</id><name>pc.svg</name><contentType>image/svg+xml</contentType></attachment></icon><defaultImageAttach/><defaultConfigAttach/></template><template><id>98c034c9-0133-4802-8449-6025cc509670</id><revisionId>98c034c9-0133-4802-8449-6025cc509670</revisionId><name>Test Template 3</name><description></description><isTemplate>true</isTemplate><type>DEVICE</type><interfaceType>MANAGEMENT</interfaceType><utilizationType>SHARED</utilizationType><reservationTime>IMMEDIATE</reservationTime><isCustomReservationTime>false</isCustomReservationTime><properties><property><name>Facility</name><description>Example:  San Jose - Site 2</description><datatype>STRING</datatype><widgetType>TEXT_FIELD</widgetType><required>false</required><group>e2aa36bd-afbd-4006-be1c-831e59613c89</group><seqNo>1</seqNo><encrypted>false</encrypted></property><property><name>ipAddress</name><description>System address -- IPv4 or IPv6</description><datatype>STRING</datatype><widgetType>TEXT_FIELD</widgetType><required>false</required><group>0ac250f3-06c6-47eb-99de-5bf5daba1c5e</group><seqNo>1</seqNo><encrypted>false</encrypted></property><property><name>username</name><description></description><datatype>STRING</datatype><widgetType>TEXT_FIELD</widgetType><required>false</required><group>fd1f481e-c3a5-419f-ba82-8f574365741b</group><seqNo>1</seqNo><encrypted>false</encrypted></property><property><name>Hostname</name><description>Hostname</description><datatype>STRING</datatype><widgetType>TEXT_FIELD</widgetType><required>false</required><group>0ac250f3-06c6-47eb-99de-5bf5daba1c5e</group><seqNo>2</seqNo><encrypted>false</encrypted></property><property><name>Room</name><description>Example:  Eng Lab 3</description><datatype>STRING</datatype><widgetType>TEXT_FIELD</widgetType><required>false</required><group>e2aa36bd-afbd-4006-be1c-831e59613c89</group><seqNo>2</seqNo><encrypted>false</encrypted></property><property><name>password</name><description></description><datatype>STRING</datatype><widgetType>PASSWORD_FIELD</widgetType><required>false</required><group>fd1f481e-c3a5-419f-ba82-8f574365741b</group><seqNo>2</seqNo><encrypted>false</encrypted></property><property><name>Floor Position</name><description>Example:  Rack 34-Chassis 3</description><datatype>STRING</datatype><widgetType>TEXT_FIELD</widgetType><required>false</required><group>e2aa36bd-afbd-4006-be1c-831e59613c89</group><seqNo>3</seqNo><encrypted>false</encrypted></property><property><name>Make</name><description>Example:  Spirent</description><datatype>STRING</datatype><widgetType>TEXT_FIELD</widgetType><required>false</required><group>0ac250f3-06c6-47eb-99de-5bf5daba1c5e</group><seqNo>3</seqNo><encrypted>false</encrypted></property><property><name>Model</name><description>Example:  Spirent Test Center, Avalanche, Landslide..., etc</description><datatype>STRING</datatype><widgetType>TEXT_FIELD</widgetType><required>false</required><group>0ac250f3-06c6-47eb-99de-5bf5daba1c5e</group><seqNo>4</seqNo><encrypted>false</encrypted></property><property><name>Serial Number</name><description>Example:  3D543HIH12</description><datatype>STRING</datatype><widgetType>TEXT_FIELD</widgetType><required>false</required><group>0ac250f3-06c6-47eb-99de-5bf5daba1c5e</group><seqNo>5</seqNo><encrypted>false</encrypted></property></properties><propertyGroups><propertyGroup><id>0ac250f3-06c6-47eb-99de-5bf5daba1c5e</id><name>System Identification</name><seqNo>1</seqNo><isHidden>false</isHidden></propertyGroup><propertyGroup><id>e2aa36bd-afbd-4006-be1c-831e59613c89</id><name>Location Information</name><seqNo>2</seqNo><isHidden>false</isHidden></propertyGroup><propertyGroup><id>fd1f481e-c3a5-419f-ba82-8f574365741b</id><name>Credentials</name><seqNo>3</seqNo><isHidden>false</isHidden></propertyGroup></propertyGroups><icon><attachment><id>c84b2b8b-2dfa-4092-8269-6d0d4cafb1c2</id><name>pc.svg</name><contentType>image/svg+xml</contentType></attachment></icon><defaultImageAttach/><defaultConfigAttach/></template></templates><orchestratedResources/><abstractResources><abstractResource><id>4c6939a9-66da-4119-8f3e-b60909360934</id><type>DEVICE</type><name>Test Abs Res 1</name><description></description><condition>template[Test Template 1]</condition><reservationTime>IMMEDIATE</reservationTime><isPublic>true</isPublic><icon/></abstractResource><abstractResource><id>59f7ca2d-4e93-4940-96c8-da8cd8ed1897</id><type>DEVICE</type><name>Test Abs Res 2</name><description></description><condition>template[Test Template 2]</condition><reservationTime>IMMEDIATE</reservationTime><isPublic>true</isPublic><icon/></abstractResource><abstractResource><id>a03f7fe2-c680-4420-82e1-5844b47ed163</id><type>DEVICE</type><name>Test Abs Res 3</name><description></description><condition>template[Test Template 3]</condition><reservationTime>IMMEDIATE</reservationTime><isPublic>true</isPublic><icon/></abstractResource></abstractResources><topologies><topology><name>Test Topology 1</name><versionId>15ccd2c7-f42e-481f-81c8-f60cc9487966</versionId><attachment><id>f37f4109-e794-49d9-867b-38e94409db45</id><name>Test Topology 1</name><contentType>application/xml</contentType></attachment></topology><topology><name>Test Topology 2</name><versionId>033d055e-9944-41a6-b1b8-1c2f516b227c</versionId><attachment><id>d9681172-9165-44f2-baae-ccd12bdcf3d9</id><name>Test Topology 2</name><contentType>application/xml</contentType></attachment></topology><topology><name>Test Topology 3</name><versionId>3b68a357-b739-4490-a505-1f1f55e05a48</versionId><attachment><id>4e4d5712-33df-4601-b441-72f36c101e7e</id><name>Test Topology 3</name><contentType>application/xml</contentType></attachment></topology></topologies></inventory>
